x,y,z,v_x,v_y,v_z
-1.0000,-1.0000,0.0000,0.13011542,-0.13011542,0.10000000
-1.0000,-0.7778,0.0000,0.12423173,-0.15972651,0.10000000
-1.0000,-0.5556,0.0000,0.10542233,-0.18976019,0.10000000
-1.0000,-0.3333,0.0000,0.07179962,-0.21539886,0.10000000
-1.0000,-0.1111,0.0000,0.02561378,-0.23052406,0.10000000
-1.0000,0.1111,0.0000,-0.02561378,-0.23052406,0.10000000
-1.0000,0.3333,0.0000,-0.07179962,-0.21539886,0.10000000
-1.0000,0.5556,0.0000,-0.10542233,-0.18976019,0.10000000
-1.0000,0.7778,0.0000,-0.12423173,-0.15972651,0.10000000
-1.0000,1.0000,0.0000,-0.13011542,-0.13011542,0.10000000
-0.7778,-1.0000,0.0000,0.15972651,-0.12423173,0.10000000
-0.7778,-0.7778,0.0000,0.15703015,-0.15703015,0.10000000
-0.7778,-0.5556,0.0000,0.13755556,-0.19257778,0.10000000
-0.7778,-0.3333,0.0000,0.09649651,-0.22515852,0.10000000
-0.7778,-0.1111,0.0000,0.03507921,-0.24555444,0.10000000
-0.7778,0.1111,0.0000,-0.03507921,-0.24555444,0.10000000
-0.7778,0.3333,0.0000,-0.09649651,-0.22515852,0.10000000
-0.7778,0.5556,0.0000,-0.13755556,-0.19257778,0.10000000
-0.7778,0.7778,0.0000,-0.15703015,-0.15703015,0.10000000
-0.7778,1.0000,0.0000,-0.15972651,-0.12423173,0.10000000
-0.5556,-1.0000,0.0000,0.18976019,-0.10542233,0.10000000
-0.5556,-0.7778,0.0000,0.19257778,-0.13755556,0.10000000
-0.5556,-0.5556,0.0000,0.17539603,-0.17539603,0.10000000
-0.5556,-0.3333,0.0000,0.12834817,-0.21391361,0.10000000
-0.5556,-0.1111,0.0000,0.04813613,-0.24068064,0.10000000
-0.5556,0.1111,0.0000,-0.04813613,-0.24068064,0.10000000
-0.5556,0.3333,0.0000,-0.12834817,-0.21391361,0.10000000
-0.5556,0.5556,0.0000,-0.17539603,-0.17539603,0.10000000
-0.5556,0.7778,0.0000,-0.19257778,-0.13755556,0.10000000
-0.5556,1.0000,0.0000,-0.18976019,-0.10542233,0.10000000
-0.3333,-1.0000,0.0000,0.21539886,-0.07179962,0.10000000
-0.3333,-0.7778,0.0000,0.22515852,-0.09649651,0.10000000
-0.3333,-0.5556,0.0000,0.21391361,-0.12834817,0.10000000
-0.3333,-0.3333,0.0000,0.16588228,-0.16588228,0.10000000
-0.3333,-0.1111,0.0000,0.06593195,-0.19779586,0.10000000
-0.3333,0.1111,0.0000,-0.06593195,-0.19779586,0.10000000
-0.3333,0.3333,0.0000,-0.16588228,-0.16588228,0.10000000
-0.3333,0.5556,0.0000,-0.21391361,-0.12834817,0.10000000
-0.3333,0.7778,0.0000,-0.22515852,-0.09649651,0.10000000
-0.3333,1.0000,0.0000,-0.21539886,-0.07179962,0.10000000
-0.1111,-1.0000,0.0000,0.23052406,-0.02561378,0.10000000
-0.1111,-0.7778,0.0000,0.24555444,-0.03507921,0.10000000
-0.1111,-0.5556,0.0000,0.24068064,-0.04813613,0.10000000
-0.1111,-0.3333,0.0000,0.19779586,-0.06593195,0.10000000
-0.1111,-0.1111,0.0000,0.08786988,-0.08786988,0.10000000
-0.1111,0.1111,0.0000,-0.08786988,-0.08786988,0.10000000
-0.1111,0.3333,0.0000,-0.19779586,-0.06593195,0.10000000
-0.1111,0.5556,0.0000,-0.24068064,-0.04813613,0.10000000
-0.1111,0.7778,0.0000,-0.24555444,-0.03507921,0.10000000
-0.1111,1.0000,0.0000,-0.23052406,-0.02561378,0.10000000
0.1111,-1.0000,0.0000,0.23052406,0.02561378,0.10000000
0.1111,-0.7778,0.0000,0.24555444,0.03507921,0.10000000
0.1111,-0.5556,0.0000,0.24068064,0.04813613,0.10000000
0.1111,-0.3333,0.0000,0.19779586,0.06593195,0.10000000
0.1111,-0.1111,0.0000,0.08786988,0.08786988,0.10000000
0.1111,0.1111,0.0000,-0.08786988,0.08786988,0.10000000
0.1111,0.3333,0.0000,-0.19779586,0.06593195,0.10000000
0.1111,0.5556,0.0000,-0.24068064,0.04813613,0.10000000
0.1111,0.7778,0.0000,-0.24555444,0.03507921,0.10000000
0.1111,1.0000,0.0000,-0.23052406,0.02561378,0.10000000
0.3333,-1.0000,0.0000,0.21539886,0.07179962,0.10000000
0.3333,-0.7778,0.0000,0.22515852,0.09649651,0.10000000
0.3333,-0.5556,0.0000,0.21391361,0.12834817,0.10000000
0.3333,-0.3333,0.0000,0.16588228,0.16588228,0.10000000
0.3333,-0.1111,0.0000,0.06593195,0.19779586,0.10000000
0.3333,0.1111,0.0000,-0.06593195,0.19779586,0.10000000
0.3333,0.3333,0.0000,-0.16588228,0.16588228,0.10000000
0.3333,0.5556,0.0000,-0.21391361,0.12834817,0.10000000
0.3333,0.7778,0.0000,-0.22515852,0.09649651,0.10000000
0.3333,1.0000,0.0000,-0.21539886,0.07179962,0.10000000
0.5556,-1.0000,0.0000,0.18976019,0.10542233,0.10000000
0.5556,-0.7778,0.0000,0.19257778,0.13755556,0.10000000
0.5556,-0.5556,0.0000,0.17539603,0.17539603,0.10000000
0.5556,-0.3333,0.0000,0.12834817,0.21391361,0.10000000
0.5556,-0.1111,0.0000,0.04813613,0.24068064,0.10000000
0.5556,0.1111,0.0000,-0.04813613,0.24068064,0.10000000
0.5556,0.3333,0.0000,-0.12834817,0.21391361,0.10000000
0.5556,0.5556,0.0000,-0.17539603,0.17539603,0.10000000
0.5556,0.7778,0.0000,-0.19257778,0.13755556,0.10000000
0.5556,1.0000,0.0000,-0.18976019,0.10542233,0.10000000
0.7778,-1.0000,0.0000,0.15972651,0.12423173,0.10000000
0.7778,-0.7778,0.0000,0.15703015,0.15703015,0.10000000
0.7778,-0.5556,0.0000,0.13755556,0.19257778,0.10000000
0.7778,-0.3333,0.0000,0.09649651,0.22515852,0.10000000
0.7778,-0.1111,0.0000,0.03507921,0.24555444,0.10000000
0.7778,0.1111,0.0000,-0.03507921,0.24555444,0.10000000
0.7778,0.3333,0.0000,-0.09649651,0.22515852,0.10000000
0.7778,0.5556,0.0000,-0.13755556,0.19257778,0.10000000
0.7778,0.7778,0.0000,-0.15703015,0.15703015,0.10000000
0.7778,1.0000,0.0000,-0.15972651,0.12423173,0.10000000
1.0000,-1.0000,0.0000,0.13011542,0.13011542,0.10000000
1.0000,-0.7778,0.0000,0.12423173,0.15972651,0.10000000
1.0000,-0.5556,0.0000,0.10542233,0.18976019,0.10000000
1.0000,-0.3333,0.0000,0.07179962,0.21539886,0.10000000
1.0000,-0.1111,0.0000,0.02561378,0.23052406,0.10000000
1.0000,0.1111,0.0000,-0.02561378,0.23052406,0.10000000
1.0000,0.3333,0.0000,-0.07179962,0.21539886,0.10000000
1.0000,0.5556,0.0000,-0.10542233,0.18976019,0.10000000
1.0000,0.7778,0.0000,-0.12423173,0.15972651,0.10000000
1.0000,1.0000,0.0000,-0.13011542,0.13011542,0.10000000
-1.0000,-1.0000,0.1111,0.12973055,-0.12973055,0.07165313
-1.0000,-0.7778,0.1111,0.12386427,-0.15925406,0.07165313
-1.0000,-0.5556,0.1111,0.10511949,-0.18921509,0.07165313
-1.0000,-0.3333,0.1111,0.07160389,-0.21481166,0.07165313
-1.0000,-0.1111,0.1111,0.02554707,-0.22992360,0.07165313
-1.0000,0.1111,0.1111,-0.02554707,-0.22992360,0.07165313
-1.0000,0.3333,0.1111,-0.07160389,-0.21481166,0.07165313
-1.0000,0.5556,0.1111,-0.10511949,-0.18921509,0.07165313
-1.0000,0.7778,0.1111,-0.12386427,-0.15925406,0.07165313
-1.0000,1.0000,0.1111,-0.12973055,-0.12973055,0.07165313
-0.7778,-1.0000,0.1111,0.15925406,-0.12386427,0.07165313
-0.7778,-0.7778,0.1111,0.15658856,-0.15658856,0.07165313
-0.7778,-0.5556,0.1111,0.13722080,-0.19210912,0.07165313
-0.7778,-0.3333,0.1111,0.09631913,-0.22474463,0.07165313
-0.7778,-0.1111,0.1111,0.03503306,-0.24523143,0.07165313
-0.7778,0.1111,0.1111,-0.03503306,-0.24523143,0.07165313
-0.7778,0.3333,0.1111,-0.09631913,-0.22474463,0.07165313
-0.7778,0.5556,0.1111,-0.13722080,-0.19210912,0.07165313
-0.7778,0.7778,0.1111,-0.15658856,-0.15658856,0.07165313
-0.7778,1.0000,0.1111,-0.15925406,-0.12386427,0.07165313
-0.5556,-1.0000,0.1111,0.18921509,-0.10511949,0.07165313
-0.5556,-0.7778,0.1111,0.19210912,-0.13722080,0.07165313
-0.5556,-0.5556,0.1111,0.17516531,-0.17516531,0.07165313
-0.5556,-0.3333,0.1111,0.12845301,-0.21408836,0.07165313
-0.5556,-0.1111,0.1111,0.04829007,-0.24145036,0.07165313
-0.5556,0.1111,0.1111,-0.04829007,-0.24145036,0.07165313
-0.5556,0.3333,0.1111,-0.12845301,-0.21408836,0.07165313
-0.5556,0.5556,0.1111,-0.17516531,-0.17516531,0.07165313
-0.5556,0.7778,0.1111,-0.19210912,-0.13722080,0.07165313
-0.5556,1.0000,0.1111,-0.18921509,-0.10511949,0.07165313
-0.3333,-1.0000,0.1111,0.21481166,-0.07160389,0.07165313
-0.3333,-0.7778,0.1111,0.22474463,-0.09631913,0.07165313
-0.3333,-0.5556,0.1111,0.21408836,-0.12845301,0.07165313
-0.3333,-0.3333,0.1111,0.16724304,-0.16724304,0.07165313
-0.3333,-0.1111,0.1111,0.06742845,-0.20228535,0.07165313
-0.3333,0.1111,0.1111,-0.06742845,-0.20228535,0.07165313
-0.3333,0.3333,0.1111,-0.16724304,-0.16724304,0.07165313
-0.3333,0.5556,0.1111,-0.21408836,-0.12845301,0.07165313
-0.3333,0.7778,0.1111,-0.22474463,-0.09631913,0.07165313
-0.3333,1.0000,0.1111,-0.21481166,-0.07160389,0.07165313
-0.1111,-1.0000,0.1111,0.22992360,-0.02554707,0.07165313
-0.1111,-0.7778,0.1111,0.24523143,-0.03503306,0.07165313
-0.1111,-0.5556,0.1111,0.24145036,-0.04829007,0.07165313
-0.1111,-0.3333,0.1111,0.20228535,-0.06742845,0.07165313
-0.1111,-0.1111,0.1111,0.10211819,-0.10211819,0.07165313
-0.1111,0.1111,0.1111,-0.10211819,-0.10211819,0.07165313
-0.1111,0.3333,0.1111,-0.20228535,-0.06742845,0.07165313
-0.1111,0.5556,0.1111,-0.24145036,-0.04829007,0.07165313
-0.1111,0.7778,0.1111,-0.24523143,-0.03503306,0.07165313
-0.1111,1.0000,0.1111,-0.22992360,-0.02554707,0.07165313
0.1111,-1.0000,0.1111,0.22992360,0.02554707,0.07165313
0.1111,-0.7778,0.1111,0.24523143,0.03503306,0.07165313
0.1111,-0.5556,0.1111,0.24145036,0.04829007,0.07165313
0.1111,-0.3333,0.1111,0.20228535,0.06742845,0.07165313
0.1111,-0.1111,0.1111,0.10211819,0.10211819,0.07165313
0.1111,0.1111,0.1111,-0.10211819,0.10211819,0.07165313
0.1111,0.3333,0.1111,-0.20228535,0.06742845,0.07165313
0.1111,0.5556,0.1111,-0.24145036,0.04829007,0.07165313
0.1111,0.7778,0.1111,-0.24523143,0.03503306,0.07165313
0.1111,1.0000,0.1111,-0.22992360,0.02554707,0.07165313
0.3333,-1.0000,0.1111,0.21481166,0.07160389,0.07165313
0.3333,-0.7778,0.1111,0.22474463,0.09631913,0.07165313
0.3333,-0.5556,0.1111,0.21408836,0.12845301,0.07165313
0.3333,-0.3333,0.1111,0.16724304,0.16724304,0.07165313
0.3333,-0.1111,0.1111,0.06742845,0.20228535,0.07165313
0.3333,0.1111,0.1111,-0.06742845,0.20228535,0.07165313
0.3333,0.3333,0.1111,-0.16724304,0.16724304,0.07165313
0.3333,0.5556,0.1111,-0.21408836,0.12845301,0.07165313
0.3333,0.7778,0.1111,-0.22474463,0.09631913,0.07165313
0.3333,1.0000,0.1111,-0.21481166,0.07160389,0.07165313
0.5556,-1.0000,0.1111,0.18921509,0.10511949,0.07165313
0.5556,-0.7778,0.1111,0.19210912,0.13722080,0.07165313
0.5556,-0.5556,0.1111,0.17516531,0.17516531,0.07165313
0.5556,-0.3333,0.1111,0.12845301,0.21408836,0.07165313
0.5556,-0.1111,0.1111,0.04829007,0.24145036,0.07165313
0.5556,0.1111,0.1111,-0.04829007,0.24145036,0.07165313
0.5556,0.3333,0.1111,-0.12845301,0.21408836,0.07165313
0.5556,0.5556,0.1111,-0.17516531,0.17516531,0.07165313
0.5556,0.7778,0.1111,-0.19210912,0.13722080,0.07165313
0.5556,1.0000,0.1111,-0.18921509,0.10511949,0.07165313
0.7778,-1.0000,0.1111,0.15925406,0.12386427,0.07165313
0.7778,-0.7778,0.1111,0.15658856,0.15658856,0.07165313
0.7778,-0.5556,0.1111,0.13722080,0.19210912,0.07165313
0.7778,-0.3333,0.1111,0.09631913,0.22474463,0.07165313
0.7778,-0.1111,0.1111,0.03503306,0.24523143,0.07165313
0.7778,0.1111,0.1111,-0.03503306,0.24523143,0.07165313
0.7778,0.3333,0.1111,-0.09631913,0.22474463,0.07165313
0.7778,0.5556,0.1111,-0.13722080,0.19210912,0.07165313
0.7778,0.7778,0.1111,-0.15658856,0.15658856,0.07165313
0.7778,1.0000,0.1111,-0.15925406,0.12386427,0.07165313
1.0000,-1.0000,0.1111,0.12973055,0.12973055,0.07165313
1.0000,-0.7778,0.1111,0.12386427,0.15925406,0.07165313
1.0000,-0.5556,0.1111,0.10511949,0.18921509,0.07165313
1.0000,-0.3333,0.1111,0.07160389,0.21481166,0.07165313
1.0000,-0.1111,0.1111,0.02554707,0.22992360,0.07165313
1.0000,0.1111,0.1111,-0.02554707,0.22992360,0.07165313
1.0000,0.3333,0.1111,-0.07160389,0.21481166,0.07165313
1.0000,0.5556,0.1111,-0.10511949,0.18921509,0.07165313
1.0000,0.7778,0.1111,-0.12386427,0.15925406,0.07165313
1.0000,1.0000,0.1111,-0.12973055,0.12973055,0.07165313
-1.0000,-1.0000,0.2222,0.12858363,-0.12858363,0.05134171
-1.0000,-0.7778,0.2222,0.12276738,-0.15784378,0.05134171
-1.0000,-0.5556,0.2222,0.10421249,-0.18758248,0.05134171
-1.0000,-0.3333,0.2222,0.07101471,-0.21304412,0.05134171
-1.0000,-0.1111,0.2222,0.02534535,-0.22810817,0.05134171
-1.0000,0.1111,0.2222,-0.02534535,-0.22810817,0.05134171
-1.0000,0.3333,0.2222,-0.07101471,-0.21304412,0.05134171
-1.0000,0.5556,0.2222,-0.10421249,-0.18758248,0.05134171
-1.0000,0.7778,0.2222,-0.12276738,-0.15784378,0.05134171
-1.0000,1.0000,0.2222,-0.12858363,-0.12858363,0.05134171
-0.7778,-1.0000,0.2222,0.15784378,-0.12276738,0.05134171
-0.7778,-0.7778,0.2222,0.15526324,-0.15526324,0.05134171
-0.7778,-0.5556,0.2222,0.13620167,-0.19068234,0.05134171
-0.7778,-0.3333,0.2222,0.09576009,-0.22344022,0.05134171
-0.7778,-0.1111,0.2222,0.03487923,-0.24415458,0.05134171
-0.7778,0.1111,0.2222,-0.03487923,-0.24415458,0.05134171
-0.7778,0.3333,0.2222,-0.09576009,-0.22344022,0.05134171
-0.7778,0.5556,0.2222,-0.13620167,-0.19068234,0.05134171
-0.7778,0.7778,0.2222,-0.15526324,-0.15526324,0.05134171
-0.7778,1.0000,0.2222,-0.15784378,-0.12276738,0.05134171
-0.5556,-1.0000,0.2222,0.18758248,-0.10421249,0.05134171
-0.5556,-0.7778,0.2222,0.19068234,-0.13620167,0.05134171
-0.5556,-0.5556,0.2222,0.17439613,-0.17439613,0.05134171
-0.5556,-0.3333,0.2222,0.12861519,-0.21435865,0.05134171
-0.5556,-0.1111,0.2222,0.04864723,-0.24323617,0.05134171
-0.5556,0.1111,0.2222,-0.04864723,-0.24323617,0.05134171
-0.5556,0.3333,0.2222,-0.12861519,-0.21435865,0.05134171
-0.5556,0.5556,0.2222,-0.17439613,-0.17439613,0.05134171
-0.5556,0.7778,0.2222,-0.19068234,-0.13620167,0.05134171
-0.5556,1.0000,0.2222,-0.18758248,-0.10421249,0.05134171
-0.3333,-1.0000,0.2222,0.21304412,-0.07101471,0.05134171
-0.3333,-0.7778,0.2222,0.22344022,-0.09576009,0.05134171
-0.3333,-0.5556,0.2222,0.21435865,-0.12861519,0.05134171
-0.3333,-0.3333,0.2222,0.17055089,-0.17055089,0.05134171
-0.3333,-0.1111,0.2222,0.07097648,-0.21292944,0.05134171
-0.3333,0.1111,0.2222,-0.07097648,-0.21292944,0.05134171
-0.3333,0.3333,0.2222,-0.17055089,-0.17055089,0.05134171
-0.3333,0.5556,0.2222,-0.21435865,-0.12861519,0.05134171
-0.3333,0.7778,0.2222,-0.22344022,-0.09576009,0.05134171
-0.3333,1.0000,0.2222,-0.21304412,-0.07101471,0.05134171
-0.1111,-1.0000,0.2222,0.22810817,-0.02534535,0.05134171
-0.1111,-0.7778,0.2222,0.24415458,-0.03487923,0.05134171
-0.1111,-0.5556,0.2222,0.24323617,-0.04864723,0.05134171
-0.1111,-0.3333,0.2222,0.21292944,-0.07097648,0.05134171
-0.1111,-0.1111,0.2222,0.12833873,-0.12833873,0.05134171
-0.1111,0.1111,0.2222,-0.12833873,-0.12833873,0.05134171
-0.1111,0.3333,0.2222,-0.21292944,-0.07097648,0.05134171
-0.1111,0.5556,0.2222,-0.24323617,-0.04864723,0.05134171
-0.1111,0.7778,0.2222,-0.24415458,-0.03487923,0.05134171
-0.1111,1.0000,0.2222,-0.22810817,-0.02534535,0.05134171
0.1111,-1.0000,0.2222,0.22810817,0.02534535,0.05134171
0.1111,-0.7778,0.2222,0.24415458,0.03487923,0.05134171
0.1111,-0.5556,0.2222,0.24323617,0.04864723,0.05134171
0.1111,-0.3333,0.2222,0.21292944,0.07097648,0.05134171
0.1111,-0.1111,0.2222,0.12833873,0.12833873,0.05134171
0.1111,0.1111,0.2222,-0.12833873,0.12833873,0.05134171
0.1111,0.3333,0.2222,-0.21292944,0.07097648,0.05134171
0.1111,0.5556,0.2222,-0.24323617,0.04864723,0.05134171
0.1111,0.7778,0.2222,-0.24415458,0.03487923,0.05134171
0.1111,1.0000,0.2222,-0.22810817,0.02534535,0.05134171
0.3333,-1.0000,0.2222,0.21304412,0.07101471,0.05134171
0.3333,-0.7778,0.2222,0.22344022,0.09576009,0.05134171
0.3333,-0.5556,0.2222,0.21435865,0.12861519,0.05134171
0.3333,-0.3333,0.2222,0.17055089,0.17055089,0.05134171
0.3333,-0.1111,0.2222,0.07097648,0.21292944,0.05134171
0.3333,0.1111,0.2222,-0.07097648,0.21292944,0.05134171
0.3333,0.3333,0.2222,-0.17055089,0.17055089,0.05134171
0.3333,0.5556,0.2222,-0.21435865,0.12861519,0.05134171
0.3333,0.7778,0.2222,-0.22344022,0.09576009,0.05134171
0.3333,1.0000,0.2222,-0.21304412,0.07101471,0.05134171
0.5556,-1.0000,0.2222,0.18758248,0.10421249,0.05134171
0.5556,-0.7778,0.2222,0.19068234,0.13620167,0.05134171
0.5556,-0.5556,0.2222,0.17439613,0.17439613,0.05134171
0.5556,-0.3333,0.2222,0.12861519,0.21435865,0.05134171
0.5556,-0.1111,0.2222,0.04864723,0.24323617,0.05134171
0.5556,0.1111,0.2222,-0.04864723,0.24323617,0.05134171
0.5556,0.3333,0.2222,-0.12861519,0.21435865,0.05134171
0.5556,0.5556,0.2222,-0.17439613,0.17439613,0.05134171
0.5556,0.7778,0.2222,-0.19068234,0.13620167,0.05134171
0.5556,1.0000,0.2222,-0.18758248,0.10421249,0.05134171
0.7778,-1.0000,0.2222,0.15784378,0.12276738,0.05134171
0.7778,-0.7778,0.2222,0.15526324,0.15526324,0.05134171
0.7778,-0.5556,0.2222,0.13620167,0.19068234,0.05134171
0.7778,-0.3333,0.2222,0.09576009,0.22344022,0.05134171
0.7778,-0.1111,0.2222,0.03487923,0.24415458,0.05134171
0.7778,0.1111,0.2222,-0.03487923,0.24415458,0.05134171
0.7778,0.3333,0.2222,-0.09576009,0.22344022,0.05134171
0.7778,0.5556,0.2222,-0.13620167,0.19068234,0.05134171
0.7778,0.7778,0.2222,-0.15526324,0.15526324,0.05134171
0.7778,1.0000,0.2222,-0.15784378,0.12276738,0.05134171
1.0000,-1.0000,0.2222,0.12858363,0.12858363,0.05134171
1.0000,-0.7778,0.2222,0.12276738,0.15784378,0.05134171
1.0000,-0.5556,0.2222,0.10421249,0.18758248,0.05134171
1.0000,-0.3333,0.2222,0.07101471,0.21304412,0.05134171
1.0000,-0.1111,0.2222,0.02534535,0.22810817,0.05134171
1.0000,0.1111,0.2222,-0.02534535,0.22810817,0.05134171
1.0000,0.3333,0.2222,-0.07101471,0.21304412,0.05134171
1.0000,0.5556,0.2222,-0.10421249,0.18758248,0.05134171
1.0000,0.7778,0.2222,-0.12276738,0.15784378,0.05134171
1.0000,1.0000,0.2222,-0.12858363,0.12858363,0.05134171
-1.0000,-1.0000,0.3333,0.12669781,-0.12669781,0.03678794
-1.0000,-0.7778,0.3333,0.12095833,-0.15551785,0.03678794
-1.0000,-0.5556,0.3333,0.10270760,-0.18487368,0.03678794
-1.0000,-0.3333,0.3333,0.07002853,-0.21008560,0.03678794
-1.0000,-0.1111,0.3333,0.02500516,-0.22504645,0.03678794
-1.0000,0.1111,0.3333,-0.02500516,-0.22504645,0.03678794
-1.0000,0.3333,0.3333,-0.07002853,-0.21008560,0.03678794
-1.0000,0.5556,0.3333,-0.10270760,-0.18487368,0.03678794
-1.0000,0.7778,0.3333,-0.12095833,-0.15551785,0.03678794
-1.0000,1.0000,0.3333,-0.12669781,-0.12669781,0.03678794
-0.7778,-1.0000,0.3333,0.15551785,-0.12095833,0.03678794
-0.7778,-0.7778,0.3333,0.15305629,-0.15305629,0.03678794
-0.7778,-0.5556,0.3333,0.13446279,-0.18824790,0.03678794
-0.7778,-0.3333,0.3333,0.09475294,-0.22109019,0.03678794
-0.7778,-0.1111,0.3333,0.03457963,-0.24205738,0.03678794
-0.7778,0.1111,0.3333,-0.03457963,-0.24205738,0.03678794
-0.7778,0.3333,0.3333,-0.09475294,-0.22109019,0.03678794
-0.7778,0.5556,0.3333,-0.13446279,-0.18824790,0.03678794
-0.7778,0.7778,0.3333,-0.15305629,-0.15305629,0.03678794
-0.7778,1.0000,0.3333,-0.15551785,-0.12095833,0.03678794
-0.5556,-1.0000,0.3333,0.18487368,-0.10270760,0.03678794
-0.5556,-0.7778,0.3333,0.18824790,-0.13446279,0.03678794
-0.5556,-0.5556,0.3333,0.17289813,-0.17289813,0.03678794
-0.5556,-0.3333,0.3333,0.12846785,-0.21411308,0.03678794
-0.5556,-0.1111,0.3333,0.04896388,-0.24481940,0.03678794
-0.5556,0.1111,0.3333,-0.04896388,-0.24481940,0.03678794
-0.5556,0.3333,0.3333,-0.12846785,-0.21411308,0.03678794
-0.5556,0.5556,0.3333,-0.17289813,-0.17289813,0.03678794
-0.5556,0.7778,0.3333,-0.18824790,-0.13446279,0.03678794
-0.5556,1.0000,0.3333,-0.18487368,-0.10270760,0.03678794
-0.3333,-1.0000,0.3333,0.21008560,-0.07002853,0.03678794
-0.3333,-0.7778,0.3333,0.22109019,-0.09475294,0.03678794
-0.3333,-0.5556,0.3333,0.21411308,-0.12846785,0.03678794
-0.3333,-0.3333,0.3333,0.17411233,-0.17411233,0.03678794
-0.3333,-0.1111,0.3333,0.07479336,-0.22438008,0.03678794
-0.3333,0.1111,0.3333,-0.07479336,-0.22438008,0.03678794
-0.3333,0.3333,0.3333,-0.17411233,-0.17411233,0.03678794
-0.3333,0.5556,0.3333,-0.21411308,-0.12846785,0.03678794
-0.3333,0.7778,0.3333,-0.22109019,-0.09475294,0.03678794
-0.3333,1.0000,0.3333,-0.21008560,-0.07002853,0.03678794
-0.1111,-1.0000,0.3333,0.22504645,-0.02500516,0.03678794
-0.1111,-0.7778,0.3333,0.24205738,-0.03457963,0.03678794
-0.1111,-0.5556,0.3333,0.24481940,-0.04896388,0.03678794
-0.1111,-0.3333,0.3333,0.22438008,-0.07479336,0.03678794
-0.1111,-0.1111,0.3333,0.15077460,-0.15077460,0.03678794
-0.1111,0.1111,0.3333,-0.15077460,-0.15077460,0.03678794
-0.1111,0.3333,0.3333,-0.22438008,-0.07479336,0.03678794
-0.1111,0.5556,0.3333,-0.24481940,-0.04896388,0.03678794
-0.1111,0.7778,0.3333,-0.24205738,-0.03457963,0.03678794
-0.1111,1.0000,0.3333,-0.22504645,-0.02500516,0.03678794
0.1111,-1.0000,0.3333,0.22504645,0.02500516,0.03678794
0.1111,-0.7778,0.3333,0.24205738,0.03457963,0.03678794
0.1111,-0.5556,0.3333,0.24481940,0.04896388,0.03678794
0.1111,-0.3333,0.3333,0.22438008,0.07479336,0.03678794
0.1111,-0.1111,0.3333,0.15077460,0.15077460,0.03678794
0.1111,0.1111,0.3333,-0.15077460,0.15077460,0.03678794
0.1111,0.3333,0.3333,-0.22438008,0.07479336,0.03678794
0.1111,0.5556,0.3333,-0.24481940,0.04896388,0.03678794
0.1111,0.7778,0.3333,-0.24205738,0.03457963,0.03678794
0.1111,1.0000,0.3333,-0.22504645,0.02500516,0.03678794
0.3333,-1.0000,0.3333,0.21008560,0.07002853,0.03678794
0.3333,-0.7778,0.3333,0.22109019,0.09475294,0.03678794
0.3333,-0.5556,0.3333,0.21411308,0.12846785,0.03678794
0.3333,-0.3333,0.3333,0.17411233,0.17411233,0.03678794
0.3333,-0.1111,0.3333,0.07479336,0.22438008,0.03678794
0.3333,0.1111,0.3333,-0.07479336,0.22438008,0.03678794
0.3333,0.3333,0.3333,-0.17411233,0.17411233,0.03678794
0.3333,0.5556,0.3333,-0.21411308,0.12846785,0.03678794
0.3333,0.7778,0.3333,-0.22109019,0.09475294,0.03678794
0.3333,1.0000,0.3333,-0.21008560,0.07002853,0.03678794
0.5556,-1.0000,0.3333,0.18487368,0.10270760,0.03678794
0.5556,-0.7778,0.3333,0.18824790,0.13446279,0.03678794
0.5556,-0.5556,0.3333,0.17289813,0.17289813,0.03678794
0.5556,-0.3333,0.3333,0.12846785,0.21411308,0.03678794
0.5556,-0.1111,0.3333,0.04896388,0.24481940,0.03678794
0.5556,0.1111,0.3333,-0.04896388,0.24481940,0.03678794
0.5556,0.3333,0.3333,-0.12846785,0.21411308,0.03678794
0.5556,0.5556,0.3333,-0.17289813,0.17289813,0.03678794
0.5556,0.7778,0.3333,-0.18824790,0.13446279,0.03678794
0.5556,1.0000,0.3333,-0.18487368,0.10270760,0.03678794
0.7778,-1.0000,0.3333,0.15551785,0.12095833,0.03678794
0.7778,-0.7778,0.3333,0.15305629,0.15305629,0.03678794
0.7778,-0.5556,0.3333,0.13446279,0.18824790,0.03678794
0.7778,-0.3333,0.3333,0.09475294,0.22109019,0.03678794
0.7778,-0.1111,0.3333,0.03457963,0.24205738,0.03678794
0.7778,0.1111,0.3333,-0.03457963,0.24205738,0.03678794
0.7778,0.3333,0.3333,-0.09475294,0.22109019,0.03678794
0.7778,0.5556,0.3333,-0.13446279,0.18824790,0.03678794
0.7778,0.7778,0.3333,-0.15305629,0.15305629,0.03678794
0.7778,1.0000,0.3333,-0.15551785,0.12095833,0.03678794
1.0000,-1.0000,0.3333,0.12669781,0.12669781,0.03678794
1.0000,-0.7778,0.3333,0.12095833,0.15551785,0.03678794
1.0000,-0.5556,0.3333,0.10270760,0.18487368,0.03678794
1.0000,-0.3333,0.3333,0.07002853,0.21008560,0.03678794
1.0000,-0.1111,0.3333,0.02500516,0.22504645,0.03678794
1.0000,0.1111,0.3333,-0.02500516,0.22504645,0.03678794
1.0000,0.3333,0.3333,-0.07002853,0.21008560,0.03678794
1.0000,0.5556,0.3333,-0.10270760,0.18487368,0.03678794
1.0000,0.7778,0.3333,-0.12095833,0.15551785,0.03678794
1.0000,1.0000,0.3333,-0.12669781,0.12669781,0.03678794
-1.0000,-1.0000,0.4444,0.12411163,-0.12411163,0.02635971
-1.0000,-0.7778,0.4444,0.11846789,-0.15231586,0.02635971
-1.0000,-0.5556,0.4444,0.10062029,-0.18111652,0.02635971
-1.0000,-0.3333,0.4444,0.06864604,-0.20593813,0.02635971
-1.0000,-0.1111,0.4444,0.02452399,-0.22071590,0.02635971
-1.0000,0.1111,0.4444,-0.02452399,-0.22071590,0.02635971
-1.0000,0.3333,0.4444,-0.06864604,-0.20593813,0.02635971
-1.0000,0.5556,0.4444,-0.10062029,-0.18111652,0.02635971
-1.0000,0.7778,0.4444,-0.11846789,-0.15231586,0.02635971
-1.0000,1.0000,0.4444,-0.12411163,-0.12411163,0.02635971
-0.7778,-1.0000,0.4444,0.15231586,-0.11846789,0.02635971
-0.7778,-0.7778,0.4444,0.14998158,-0.14998158,0.02635971
-0.7778,-0.5556,0.4444,0.13197033,-0.18475846,0.02635971
-0.7778,-0.3333,0.4444,0.09322476,-0.21752443,0.02635971
-0.7778,-0.1111,0.4444,0.03409202,-0.23864411,0.02635971
-0.7778,0.1111,0.4444,-0.03409202,-0.23864411,0.02635971
-0.7778,0.3333,0.4444,-0.09322476,-0.21752443,0.02635971
-0.7778,0.5556,0.4444,-0.13197033,-0.18475846,0.02635971
-0.7778,0.7778,0.4444,-0.14998158,-0.14998158,0.02635971
-0.7778,1.0000,0.4444,-0.15231586,-0.11846789,0.02635971
-0.5556,-1.0000,0.4444,0.18111652,-0.10062029,0.02635971
-0.5556,-0.7778,0.4444,0.18475846,-0.13197033,0.02635971
-0.5556,-0.5556,0.4444,0.17046008,-0.17046008,0.02635971
-0.5556,-0.3333,0.4444,0.12761936,-0.21269893,0.02635971
-0.5556,-0.1111,0.4444,0.04899441,-0.24497203,0.02635971
-0.5556,0.1111,0.4444,-0.04899441,-0.24497203,0.02635971
-0.5556,0.3333,0.4444,-0.12761936,-0.21269893,0.02635971
-0.5556,0.5556,0.4444,-0.17046008,-0.17046008,0.02635971
-0.5556,0.7778,0.4444,-0.18475846,-0.13197033,0.02635971
-0.5556,1.0000,0.4444,-0.18111652,-0.10062029,0.02635971
-0.3333,-1.0000,0.4444,0.20593813,-0.06864604,0.02635971
-0.3333,-0.7778,0.4444,0.21752443,-0.09322476,0.02635971
-0.3333,-0.5556,0.4444,0.21269893,-0.12761936,0.02635971
-0.3333,-0.3333,0.4444,0.17639768,-0.17639768,0.02635971
-0.3333,-0.1111,0.4444,0.07761717,-0.23285152,0.02635971
-0.3333,0.1111,0.4444,-0.07761717,-0.23285152,0.02635971
-0.3333,0.3333,0.4444,-0.17639768,-0.17639768,0.02635971
-0.3333,0.5556,0.4444,-0.21269893,-0.12761936,0.02635971
-0.3333,0.7778,0.4444,-0.21752443,-0.09322476,0.02635971
-0.3333,1.0000,0.4444,-0.20593813,-0.06864604,0.02635971
-0.1111,-1.0000,0.4444,0.22071590,-0.02452399,0.02635971
-0.1111,-0.7778,0.4444,0.23864411,-0.03409202,0.02635971
-0.1111,-0.5556,0.4444,0.24497203,-0.04899441,0.02635971
-0.1111,-0.3333,0.4444,0.23285152,-0.07761717,0.02635971
-0.1111,-0.1111,0.4444,0.16588228,-0.16588228,0.02635971
-0.1111,0.1111,0.4444,-0.16588228,-0.16588228,0.02635971
-0.1111,0.3333,0.4444,-0.23285152,-0.07761717,0.02635971
-0.1111,0.5556,0.4444,-0.24497203,-0.04899441,0.02635971
-0.1111,0.7778,0.4444,-0.23864411,-0.03409202,0.02635971
-0.1111,1.0000,0.4444,-0.22071590,-0.02452399,0.02635971
0.1111,-1.0000,0.4444,0.22071590,0.02452399,0.02635971
0.1111,-0.7778,0.4444,0.23864411,0.03409202,0.02635971
0.1111,-0.5556,0.4444,0.24497203,0.04899441,0.02635971
0.1111,-0.3333,0.4444,0.23285152,0.07761717,0.02635971
0.1111,-0.1111,0.4444,0.16588228,0.16588228,0.02635971
0.1111,0.1111,0.4444,-0.16588228,0.16588228,0.02635971
0.1111,0.3333,0.4444,-0.23285152,0.07761717,0.02635971
0.1111,0.5556,0.4444,-0.24497203,0.04899441,0.02635971
0.1111,0.7778,0.4444,-0.23864411,0.03409202,0.02635971
0.1111,1.0000,0.4444,-0.22071590,0.02452399,0.02635971
0.3333,-1.0000,0.4444,0.20593813,0.06864604,0.02635971
0.3333,-0.7778,0.4444,0.21752443,0.09322476,0.02635971
0.3333,-0.5556,0.4444,0.21269893,0.12761936,0.02635971
0.3333,-0.3333,0.4444,0.17639768,0.17639768,0.02635971
0.3333,-0.1111,0.4444,0.07761717,0.23285152,0.02635971
0.3333,0.1111,0.4444,-0.07761717,0.23285152,0.02635971
0.3333,0.3333,0.4444,-0.17639768,0.17639768,0.02635971
0.3333,0.5556,0.4444,-0.21269893,0.12761936,0.02635971
0.3333,0.7778,0.4444,-0.21752443,0.09322476,0.02635971
0.3333,1.0000,0.4444,-0.20593813,0.06864604,0.02635971
0.5556,-1.0000,0.4444,0.18111652,0.10062029,0.02635971
0.5556,-0.7778,0.4444,0.18475846,0.13197033,0.02635971
0.5556,-0.5556,0.4444,0.17046008,0.17046008,0.02635971
0.5556,-0.3333,0.4444,0.12761936,0.21269893,0.02635971
0.5556,-0.1111,0.4444,0.04899441,0.24497203,0.02635971
0.5556,0.1111,0.4444,-0.04899441,0.24497203,0.02635971
0.5556,0.3333,0.4444,-0.12761936,0.21269893,0.02635971
0.5556,0.5556,0.4444,-0.17046008,0.17046008,0.02635971
0.5556,0.7778,0.4444,-0.18475846,0.13197033,0.02635971
0.5556,1.0000,0.4444,-0.18111652,0.10062029,0.02635971
0.7778,-1.0000,0.4444,0.15231586,0.11846789,0.02635971
0.7778,-0.7778,0.4444,0.14998158,0.14998158,0.02635971
0.7778,-0.5556,0.4444,0.13197033,0.18475846,0.02635971
0.7778,-0.3333,0.4444,0.09322476,0.21752443,0.02635971
0.7778,-0.1111,0.4444,0.03409202,0.23864411,0.02635971
0.7778,0.1111,0.4444,-0.03409202,0.23864411,0.02635971
0.7778,0.3333,0.4444,-0.09322476,0.21752443,0.02635971
0.7778,0.5556,0.4444,-0.13197033,0.18475846,0.02635971
0.7778,0.7778,0.4444,-0.14998158,0.14998158,0.02635971
0.7778,1.0000,0.4444,-0.15231586,0.11846789,0.02635971
1.0000,-1.0000,0.4444,0.12411163,0.12411163,0.02635971
1.0000,-0.7778,0.4444,0.11846789,0.15231586,0.02635971
1.0000,-0.5556,0.4444,0.10062029,0.18111652,0.02635971
1.0000,-0.3333,0.4444,0.06864604,0.20593813,0.02635971
1.0000,-0.1111,0.4444,0.02452399,0.22071590,0.02635971
1.0000,0.1111,0.4444,-0.02452399,0.22071590,0.02635971
1.0000,0.3333,0.4444,-0.06864604,0.20593813,0.02635971
1.0000,0.5556,0.4444,-0.10062029,0.18111652,0.02635971
1.0000,0.7778,0.4444,-0.11846789,0.15231586,0.02635971
1.0000,1.0000,0.4444,-0.12411163,0.12411163,0.02635971
-1.0000,-1.0000,0.5556,0.12087861,-0.12087861,0.01888756
-1.0000,-0.7778,0.5556,0.11534196,-0.14829680,0.01888756
-1.0000,-0.5556,0.5556,0.09797985,-0.17636372,0.01888756
-1.0000,-0.3333,0.5556,0.06687834,-0.20063503,0.01888756
-1.0000,-0.1111,0.5556,0.02390338,-0.21513039,0.01888756
-1.0000,0.1111,0.5556,-0.02390338,-0.21513039,0.01888756
-1.0000,0.3333,0.5556,-0.06687834,-0.20063503,0.01888756
-1.0000,0.5556,0.5556,-0.09797985,-0.17636372,0.01888756
-1.0000,0.7778,0.5556,-0.11534196,-0.14829680,0.01888756
-1.0000,1.0000,0.5556,-0.12087861,-0.12087861,0.01888756
-0.7778,-1.0000,0.5556,0.14829680,-0.11534196,0.01888756
-0.7778,-0.7778,0.5556,0.14607442,-0.14607442,0.01888756
-0.7778,-0.5556,0.5556,0.12871500,-0.18020100,0.01888756
-0.7778,-0.3333,0.5556,0.09112871,-0.21263366,0.01888756
-0.7778,-0.1111,0.5556,0.03338726,-0.23371083,0.01888756
-0.7778,0.1111,0.5556,-0.03338726,-0.23371083,0.01888756
-0.7778,0.3333,0.5556,-0.09112871,-0.21263366,0.01888756
-0.7778,0.5556,0.5556,-0.12871500,-0.18020100,0.01888756
-0.7778,0.7778,0.5556,-0.14607442,-0.14607442,0.01888756
-0.7778,1.0000,0.5556,-0.14829680,-0.11534196,0.01888756
-0.5556,-1.0000,0.5556,0.17636372,-0.09797985,0.01888756
-0.5556,-0.7778,0.5556,0.18020100,-0.12871500,0.01888756
-0.5556,-0.5556,0.5556,0.16693631,-0.16693631,0.01888756
-0.5556,-0.3333,0.5556,0.12580186,-0.20966977,0.01888756
-0.5556,-0.1111,0.5556,0.04858211,-0.24291057,0.01888756
-0.5556,0.1111,0.5556,-0.04858211,-0.24291057,0.01888756
-0.5556,0.3333,0.5556,-0.12580186,-0.20966977,0.01888756
-0.5556,0.5556,0.5556,-0.16693631,-0.16693631,0.01888756
-0.5556,0.7778,0.5556,-0.18020100,-0.12871500,0.01888756
-0.5556,1.0000,0.5556,-0.17636372,-0.09797985,0.01888756
-0.3333,-1.0000,0.5556,0.20063503,-0.06687834,0.01888756
-0.3333,-0.7778,0.5556,0.21263366,-0.09112871,0.01888756
-0.3333,-0.5556,0.5556,0.20966977,-0.12580186,0.01888756
-0.3333,-0.3333,0.5556,0.17656217,-0.17656217,0.01888756
-0.3333,-0.1111,0.5556,0.07895188,-0.23685565,0.01888756
-0.3333,0.1111,0.5556,-0.07895188,-0.23685565,0.01888756
-0.3333,0.3333,0.5556,-0.17656217,-0.17656217,0.01888756
-0.3333,0.5556,0.5556,-0.20966977,-0.12580186,0.01888756
-0.3333,0.7778,0.5556,-0.21263366,-0.09112871,0.01888756
-0.3333,1.0000,0.5556,-0.20063503,-0.06687834,0.01888756
-0.1111,-1.0000,0.5556,0.21513039,-0.02390338,0.01888756
-0.1111,-0.7778,0.5556,0.23371083,-0.03338726,0.01888756
-0.1111,-0.5556,0.5556,0.24291057,-0.04858211,0.01888756
-0.1111,-0.3333,0.5556,0.23685565,-0.07895188,0.01888756
-0.1111,-0.1111,0.5556,0.17411233,-0.17411233,0.01888756
-0.1111,0.1111,0.5556,-0.17411233,-0.17411233,0.01888756
-0.1111,0.3333,0.5556,-0.23685565,-0.07895188,0.01888756
-0.1111,0.5556,0.5556,-0.24291057,-0.04858211,0.01888756
-0.1111,0.7778,0.5556,-0.23371083,-0.03338726,0.01888756
-0.1111,1.0000,0.5556,-0.21513039,-0.02390338,0.01888756
0.1111,-1.0000,0.5556,0.21513039,0.02390338,0.01888756
0.1111,-0.7778,0.5556,0.23371083,0.03338726,0.01888756
0.1111,-0.5556,0.5556,0.24291057,0.04858211,0.01888756
0.1111,-0.3333,0.5556,0.23685565,0.07895188,0.01888756
0.1111,-0.1111,0.5556,0.17411233,0.17411233,0.01888756
0.1111,0.1111,0.5556,-0.17411233,0.17411233,0.01888756
0.1111,0.3333,0.5556,-0.23685565,0.07895188,0.01888756
0.1111,0.5556,0.5556,-0.24291057,0.04858211,0.01888756
0.1111,0.7778,0.5556,-0.23371083,0.03338726,0.01888756
0.1111,1.0000,0.5556,-0.21513039,0.02390338,0.01888756
0.3333,-1.0000,0.5556,0.20063503,0.06687834,0.01888756
0.3333,-0.7778,0.5556,0.21263366,0.09112871,0.01888756
0.3333,-0.5556,0.5556,0.20966977,0.12580186,0.01888756
0.3333,-0.3333,0.5556,0.17656217,0.17656217,0.01888756
0.3333,-0.1111,0.5556,0.07895188,0.23685565,0.01888756
0.3333,0.1111,0.5556,-0.07895188,0.23685565,0.01888756
0.3333,0.3333,0.5556,-0.17656217,0.17656217,0.01888756
0.3333,0.5556,0.5556,-0.20966977,0.12580186,0.01888756
0.3333,0.7778,0.5556,-0.21263366,0.09112871,0.01888756
0.3333,1.0000,0.5556,-0.20063503,0.06687834,0.01888756
0.5556,-1.0000,0.5556,0.17636372,0.09797985,0.01888756
0.5556,-0.7778,0.5556,0.18020100,0.12871500,0.01888756
0.5556,-0.5556,0.5556,0.16693631,0.16693631,0.01888756
0.5556,-0.3333,0.5556,0.12580186,0.20966977,0.01888756
0.5556,-0.1111,0.5556,0.04858211,0.24291057,0.01888756
0.5556,0.1111,0.5556,-0.04858211,0.24291057,0.01888756
0.5556,0.3333,0.5556,-0.12580186,0.20966977,0.01888756
0.5556,0.5556,0.5556,-0.16693631,0.16693631,0.01888756
0.5556,0.7778,0.5556,-0.18020100,0.12871500,0.01888756
0.5556,1.0000,0.5556,-0.17636372,0.09797985,0.01888756
0.7778,-1.0000,0.5556,0.14829680,0.11534196,0.01888756
0.7778,-0.7778,0.5556,0.14607442,0.14607442,0.01888756
0.7778,-0.5556,0.5556,0.12871500,0.18020100,0.01888756
0.7778,-0.3333,0.5556,0.09112871,0.21263366,0.01888756
0.7778,-0.1111,0.5556,0.03338726,0.23371083,0.01888756
0.7778,0.1111,0.5556,-0.03338726,0.23371083,0.01888756
0.7778,0.3333,0.5556,-0.09112871,0.21263366,0.01888756
0.7778,0.5556,0.5556,-0.12871500,0.18020100,0.01888756
0.7778,0.7778,0.5556,-0.14607442,0.14607442,0.01888756
0.7778,1.0000,0.5556,-0.14829680,0.11534196,0.01888756
1.0000,-1.0000,0.5556,0.12087861,0.12087861,0.01888756
1.0000,-0.7778,0.5556,0.11534196,0.14829680,0.01888756
1.0000,-0.5556,0.5556,0.09797985,0.17636372,0.01888756
1.0000,-0.3333,0.5556,0.06687834,0.20063503,0.01888756
1.0000,-0.1111,0.5556,0.02390338,0.21513039,0.01888756
1.0000,0.1111,0.5556,-0.02390338,0.21513039,0.01888756
1.0000,0.3333,0.5556,-0.06687834,0.20063503,0.01888756
1.0000,0.5556,0.5556,-0.09797985,0.17636372,0.01888756
1.0000,0.7778,0.5556,-0.11534196,0.14829680,0.01888756
1.0000,1.0000,0.5556,-0.12087861,0.12087861,0.01888756
-1.0000,-1.0000,0.6667,0.11706588,-0.11706588,0.01353353
-1.0000,-0.7778,0.6667,0.11164186,-0.14353953,0.01353353
-1.0000,-0.5556,0.6667,0.09483200,-0.17069761,0.01353353
-1.0000,-0.3333,0.6667,0.06475074,-0.19425223,0.01353353
-1.0000,-0.1111,0.6667,0.02315080,-0.20835718,0.01353353
-1.0000,0.1111,0.6667,-0.02315080,-0.20835718,0.01353353
-1.0000,0.3333,0.6667,-0.06475074,-0.19425223,0.01353353
-1.0000,0.5556,0.6667,-0.09483200,-0.17069761,0.01353353
-1.0000,0.7778,0.6667,-0.11164186,-0.14353953,0.01353353
-1.0000,1.0000,0.6667,-0.11706588,-0.11706588,0.01353353
-0.7778,-1.0000,0.6667,0.14353953,-0.11164186,0.01353353
-0.7778,-0.7778,0.6667,0.14139747,-0.14139747,0.01353353
-0.7778,-0.5556,0.6667,0.12472595,-0.17461634,0.01353353
-0.7778,-0.3333,0.6667,0.08846175,-0.20641076,0.01353353
-0.7778,-0.1111,0.6667,0.03245789,-0.22720522,0.01353353
-0.7778,0.1111,0.6667,-0.03245789,-0.22720522,0.01353353
-0.7778,0.3333,0.6667,-0.08846175,-0.20641076,0.01353353
-0.7778,0.5556,0.6667,-0.12472595,-0.17461634,0.01353353
-0.7778,0.7778,0.6667,-0.14139747,-0.14139747,0.01353353
-0.7778,1.0000,0.6667,-0.14353953,-0.11164186,0.01353353
-0.5556,-1.0000,0.6667,0.17069761,-0.09483200,0.01353353
-0.5556,-0.7778,0.6667,0.17461634,-0.12472595,0.01353353
-0.5556,-0.5556,0.6667,0.16228944,-0.16228944,0.01353353
-0.5556,-0.3333,0.6667,0.12291946,-0.20486577,0.01353353
-0.5556,-0.1111,0.6667,0.04767499,-0.23837496,0.01353353
-0.5556,0.1111,0.6667,-0.04767499,-0.23837496,0.01353353
-0.5556,0.3333,0.6667,-0.12291946,-0.20486577,0.01353353
-0.5556,0.5556,0.6667,-0.16228944,-0.16228944,0.01353353
-0.5556,0.7778,0.6667,-0.17461634,-0.12472595,0.01353353
-0.5556,1.0000,0.6667,-0.17069761,-0.09483200,0.01353353
-0.3333,-1.0000,0.6667,0.19425223,-0.06475074,0.01353353
-0.3333,-0.7778,0.6667,0.20641076,-0.08846175,0.01353353
-0.3333,-0.5556,0.6667,0.20486577,-0.12291946,0.01353353
-0.3333,-0.3333,0.6667,0.17439613,-0.17439613,0.01353353
-0.3333,-0.1111,0.6667,0.07878496,-0.23635487,0.01353353
-0.3333,0.1111,0.6667,-0.07878496,-0.23635487,0.01353353
-0.3333,0.3333,0.6667,-0.17439613,-0.17439613,0.01353353
-0.3333,0.5556,0.6667,-0.20486577,-0.12291946,0.01353353
-0.3333,0.7778,0.6667,-0.20641076,-0.08846175,0.01353353
-0.3333,1.0000,0.6667,-0.19425223,-0.06475074,0.01353353
-0.1111,-1.0000,0.6667,0.20835718,-0.02315080,0.01353353
-0.1111,-0.7778,0.6667,0.22720522,-0.03245789,0.01353353
-0.1111,-0.5556,0.6667,0.23837496,-0.04767499,0.01353353
-0.1111,-0.3333,0.6667,0.23635487,-0.07878496,0.01353353
-0.1111,-0.1111,0.6667,0.17676467,-0.17676467,0.01353353
-0.1111,0.1111,0.6667,-0.17676467,-0.17676467,0.01353353
-0.1111,0.3333,0.6667,-0.23635487,-0.07878496,0.01353353
-0.1111,0.5556,0.6667,-0.23837496,-0.04767499,0.01353353
-0.1111,0.7778,0.6667,-0.22720522,-0.03245789,0.01353353
-0.1111,1.0000,0.6667,-0.20835718,-0.02315080,0.01353353
0.1111,-1.0000,0.6667,0.20835718,0.02315080,0.01353353
0.1111,-0.7778,0.6667,0.22720522,0.03245789,0.01353353
0.1111,-0.5556,0.6667,0.23837496,0.04767499,0.01353353
0.1111,-0.3333,0.6667,0.23635487,0.07878496,0.01353353
0.1111,-0.1111,0.6667,0.17676467,0.17676467,0.01353353
0.1111,0.1111,0.6667,-0.17676467,0.17676467,0.01353353
0.1111,0.3333,0.6667,-0.23635487,0.07878496,0.01353353
0.1111,0.5556,0.6667,-0.23837496,0.04767499,0.01353353
0.1111,0.7778,0.6667,-0.22720522,0.03245789,0.01353353
0.1111,1.0000,0.6667,-0.20835718,0.02315080,0.01353353
0.3333,-1.0000,0.6667,0.19425223,0.06475074,0.01353353
0.3333,-0.7778,0.6667,0.20641076,0.08846175,0.01353353
0.3333,-0.5556,0.6667,0.20486577,0.12291946,0.01353353
0.3333,-0.3333,0.6667,0.17439613,0.17439613,0.01353353
0.3333,-0.1111,0.6667,0.07878496,0.23635487,0.01353353
0.3333,0.1111,0.6667,-0.07878496,0.23635487,0.01353353
0.3333,0.3333,0.6667,-0.17439613,0.17439613,0.01353353
0.3333,0.5556,0.6667,-0.20486577,0.12291946,0.01353353
0.3333,0.7778,0.6667,-0.20641076,0.08846175,0.01353353
0.3333,1.0000,0.6667,-0.19425223,0.06475074,0.01353353
0.5556,-1.0000,0.6667,0.17069761,0.09483200,0.01353353
0.5556,-0.7778,0.6667,0.17461634,0.12472595,0.01353353
0.5556,-0.5556,0.6667,0.16228944,0.16228944,0.01353353
0.5556,-0.3333,0.6667,0.12291946,0.20486577,0.01353353
0.5556,-0.1111,0.6667,0.04767499,0.23837496,0.01353353
0.5556,0.1111,0.6667,-0.04767499,0.23837496,0.01353353
0.5556,0.3333,0.6667,-0.12291946,0.20486577,0.01353353
0.5556,0.5556,0.6667,-0.16228944,0.16228944,0.01353353
0.5556,0.7778,0.6667,-0.17461634,0.12472595,0.01353353
0.5556,1.0000,0.6667,-0.17069761,0.09483200,0.01353353
0.7778,-1.0000,0.6667,0.14353953,0.11164186,0.01353353
0.7778,-0.7778,0.6667,0.14139747,0.14139747,0.01353353
0.7778,-0.5556,0.6667,0.12472595,0.17461634,0.01353353
0.7778,-0.3333,0.6667,0.08846175,0.20641076,0.01353353
0.7778,-0.1111,0.6667,0.03245789,0.22720522,0.01353353
0.7778,0.1111,0.6667,-0.03245789,0.22720522,0.01353353
0.7778,0.3333,0.6667,-0.08846175,0.20641076,0.01353353
0.7778,0.5556,0.6667,-0.12472595,0.17461634,0.01353353
0.7778,0.7778,0.6667,-0.14139747,0.14139747,0.01353353
0.7778,1.0000,0.6667,-0.14353953,0.11164186,0.01353353
1.0000,-1.0000,0.6667,0.11706588,0.11706588,0.01353353
1.0000,-0.7778,0.6667,0.11164186,0.14353953,0.01353353
1.0000,-0.5556,0.6667,0.09483200,0.17069761,0.01353353
1.0000,-0.3333,0.6667,0.06475074,0.19425223,0.01353353
1.0000,-0.1111,0.6667,0.02315080,0.20835718,0.01353353
1.0000,0.1111,0.6667,-0.02315080,0.20835718,0.01353353
1.0000,0.3333,0.6667,-0.06475074,0.19425223,0.01353353
1.0000,0.5556,0.6667,-0.09483200,0.17069761,0.01353353
1.0000,0.7778,0.6667,-0.11164186,0.14353953,0.01353353
1.0000,1.0000,0.6667,-0.11706588,0.11706588,0.01353353
-1.0000,-1.0000,0.7778,0.11275179,-0.11275179,0.00969720
-1.0000,-0.7778,0.7778,0.10744275,-0.13814068,0.00969720
-1.0000,-0.5556,0.7778,0.09123848,-0.16422926,0.00969720
-1.0000,-0.3333,0.7778,0.06230307,-0.18690920,0.00969720
-1.0000,-0.1111,0.7778,0.02227988,-0.20051888,0.00969720
-1.0000,0.1111,0.7778,-0.02227988,-0.20051888,0.00969720
-1.0000,0.3333,0.7778,-0.06230307,-0.18690920,0.00969720
-1.0000,0.5556,0.7778,-0.09123848,-0.16422926,0.00969720
-1.0000,0.7778,0.7778,-0.10744275,-0.13814068,0.00969720
-1.0000,1.0000,0.7778,-0.11275179,-0.11275179,0.00969720
-0.7778,-1.0000,0.7778,0.13814068,-0.10744275,0.00969720
-0.7778,-0.7778,0.7778,0.13604055,-0.13604055,0.00969720
-0.7778,-0.5556,0.7778,0.12007244,-0.16810141,0.00969720
-0.7778,-0.3333,0.7778,0.08526552,-0.19895288,0.00969720
-0.7778,-0.1111,0.7778,0.03131771,-0.21922398,0.00969720
-0.7778,0.1111,0.7778,-0.03131771,-0.21922398,0.00969720
-0.7778,0.3333,0.7778,-0.08526552,-0.19895288,0.00969720
-0.7778,0.5556,0.7778,-0.12007244,-0.16810141,0.00969720
-0.7778,0.7778,0.7778,-0.13604055,-0.13604055,0.00969720
-0.7778,1.0000,0.7778,-0.13814068,-0.10744275,0.00969720
-0.5556,-1.0000,0.7778,0.16422926,-0.09123848,0.00969720
-0.5556,-0.7778,0.7778,0.16810141,-0.12007244,0.00969720
-0.5556,-0.5556,0.7778,0.15658856,-0.15658856,0.00969720
-0.5556,-0.3333,0.7778,0.11902269,-0.19837115,0.00969720
-0.5556,-0.1111,0.7778,0.04629980,-0.23149901,0.00969720
-0.5556,0.1111,0.7778,-0.04629980,-0.23149901,0.00969720
-0.5556,0.3333,0.7778,-0.11902269,-0.19837115,0.00969720
-0.5556,0.5556,0.7778,-0.15658856,-0.15658856,0.00969720
-0.5556,0.7778,0.7778,-0.16810141,-0.12007244,0.00969720
-0.5556,1.0000,0.7778,-0.16422926,-0.09123848,0.00969720
-0.3333,-1.0000,0.7778,0.18690920,-0.06230307,0.00969720
-0.3333,-0.7778,0.7778,0.19895288,-0.08526552,0.00969720
-0.3333,-0.5556,0.7778,0.19837115,-0.11902269,0.00969720
-0.3333,-0.3333,0.7778,0.17008673,-0.17008673,0.00969720
-0.3333,-0.1111,0.7778,0.07732239,-0.23196718,0.00969720
-0.3333,0.1111,0.7778,-0.07732239,-0.23196718,0.00969720
-0.3333,0.3333,0.7778,-0.17008673,-0.17008673,0.00969720
-0.3333,0.5556,0.7778,-0.19837115,-0.11902269,0.00969720
-0.3333,0.7778,0.7778,-0.19895288,-0.08526552,0.00969720
-0.3333,1.0000,0.7778,-0.18690920,-0.06230307,0.00969720
-0.1111,-1.0000,0.7778,0.20051888,-0.02227988,0.00969720
-0.1111,-0.7778,0.7778,0.21922398,-0.03131771,0.00969720
-0.1111,-0.5556,0.7778,0.23149901,-0.04629980,0.00969720
-0.1111,-0.3333,0.7778,0.23196718,-0.07732239,0.00969720
-0.1111,-0.1111,0.7778,0.17516531,-0.17516531,0.00969720
-0.1111,0.1111,0.7778,-0.17516531,-0.17516531,0.00969720
-0.1111,0.3333,0.7778,-0.23196718,-0.07732239,0.00969720
-0.1111,0.5556,0.7778,-0.23149901,-0.04629980,0.00969720
-0.1111,0.7778,0.7778,-0.21922398,-0.03131771,0.00969720
-0.1111,1.0000,0.7778,-0.20051888,-0.02227988,0.00969720
0.1111,-1.0000,0.7778,0.20051888,0.02227988,0.00969720
0.1111,-0.7778,0.7778,0.21922398,0.03131771,0.00969720
0.1111,-0.5556,0.7778,0.23149901,0.04629980,0.00969720
0.1111,-0.3333,0.7778,0.23196718,0.07732239,0.00969720
0.1111,-0.1111,0.7778,0.17516531,0.17516531,0.00969720
0.1111,0.1111,0.7778,-0.17516531,0.17516531,0.00969720
0.1111,0.3333,0.7778,-0.23196718,0.07732239,0.00969720
0.1111,0.5556,0.7778,-0.23149901,0.04629980,0.00969720
0.1111,0.7778,0.7778,-0.21922398,0.03131771,0.00969720
0.1111,1.0000,0.7778,-0.20051888,0.02227988,0.00969720
0.3333,-1.0000,0.7778,0.18690920,0.06230307,0.00969720
0.3333,-0.7778,0.7778,0.19895288,0.08526552,0.00969720
0.3333,-0.5556,0.7778,0.19837115,0.11902269,0.00969720
0.3333,-0.3333,0.7778,0.17008673,0.17008673,0.00969720
0.3333,-0.1111,0.7778,0.07732239,0.23196718,0.00969720
0.3333,0.1111,0.7778,-0.07732239,0.23196718,0.00969720
0.3333,0.3333,0.7778,-0.17008673,0.17008673,0.00969720
0.3333,0.5556,0.7778,-0.19837115,0.11902269,0.00969720
0.3333,0.7778,0.7778,-0.19895288,0.08526552,0.00969720
0.3333,1.0000,0.7778,-0.18690920,0.06230307,0.00969720
0.5556,-1.0000,0.7778,0.16422926,0.09123848,0.00969720
0.5556,-0.7778,0.7778,0.16810141,0.12007244,0.00969720
0.5556,-0.5556,0.7778,0.15658856,0.15658856,0.00969720
0.5556,-0.3333,0.7778,0.11902269,0.19837115,0.00969720
0.5556,-0.1111,0.7778,0.04629980,0.23149901,0.00969720
0.5556,0.1111,0.7778,-0.04629980,0.23149901,0.00969720
0.5556,0.3333,0.7778,-0.11902269,0.19837115,0.00969720
0.5556,0.5556,0.7778,-0.15658856,0.15658856,0.00969720
0.5556,0.7778,0.7778,-0.16810141,0.12007244,0.00969720
0.5556,1.0000,0.7778,-0.16422926,0.09123848,0.00969720
0.7778,-1.0000,0.7778,0.13814068,0.10744275,0.00969720
0.7778,-0.7778,0.7778,0.13604055,0.13604055,0.00969720
0.7778,-0.5556,0.7778,0.12007244,0.16810141,0.00969720
0.7778,-0.3333,0.7778,0.08526552,0.19895288,0.00969720
0.7778,-0.1111,0.7778,0.03131771,0.21922398,0.00969720
0.7778,0.1111,0.7778,-0.03131771,0.21922398,0.00969720
0.7778,0.3333,0.7778,-0.08526552,0.19895288,0.00969720
0.7778,0.5556,0.7778,-0.12007244,0.16810141,0.00969720
0.7778,0.7778,0.7778,-0.13604055,0.13604055,0.00969720
0.7778,1.0000,0.7778,-0.13814068,0.10744275,0.00969720
1.0000,-1.0000,0.7778,0.11275179,0.11275179,0.00969720
1.0000,-0.7778,0.7778,0.10744275,0.13814068,0.00969720
1.0000,-0.5556,0.7778,0.09123848,0.16422926,0.00969720
1.0000,-0.3333,0.7778,0.06230307,0.18690920,0.00969720
1.0000,-0.1111,0.7778,0.02227988,0.20051888,0.00969720
1.0000,0.1111,0.7778,-0.02227988,0.20051888,0.00969720
1.0000,0.3333,0.7778,-0.06230307,0.18690920,0.00969720
1.0000,0.5556,0.7778,-0.09123848,0.16422926,0.00969720
1.0000,0.7778,0.7778,-0.10744275,0.13814068,0.00969720
1.0000,1.0000,0.7778,-0.11275179,0.11275179,0.00969720
-1.0000,-1.0000,0.8889,0.10802267,-0.10802267,0.00694835
-1.0000,-0.7778,0.8889,0.10283025,-0.13221032,0.00694835
-1.0000,-0.5556,0.8889,0.08727368,-0.15709263,0.00694835
-1.0000,-0.3333,0.8889,0.05958686,-0.17876058,0.00694835
-1.0000,-0.1111,0.8889,0.02130921,-0.19178290,0.00694835
-1.0000,0.1111,0.8889,-0.02130921,-0.19178290,0.00694835
-1.0000,0.3333,0.8889,-0.05958686,-0.17876058,0.00694835
-1.0000,0.5556,0.8889,-0.08727368,-0.15709263,0.00694835
-1.0000,0.7778,0.8889,-0.10283025,-0.13221032,0.00694835
-1.0000,1.0000,0.8889,-0.10802267,-0.10802267,0.00694835
-0.7778,-1.0000,0.8889,0.13221032,-0.10283025,0.00694835
-0.7778,-0.7778,0.8889,0.13011542,-0.13011542,0.00694835
-0.7778,-0.5556,0.8889,0.11485599,-0.16079839,0.00694835
-0.7778,-0.3333,0.8889,0.08161608,-0.19043753,0.00694835
-0.7778,-0.1111,0.8889,0.02999632,-0.20997421,0.00694835
-0.7778,0.1111,0.8889,-0.02999632,-0.20997421,0.00694835
-0.7778,0.3333,0.8889,-0.08161608,-0.19043753,0.00694835
-0.7778,0.5556,0.8889,-0.11485599,-0.16079839,0.00694835
-0.7778,0.7778,0.8889,-0.13011542,-0.13011542,0.00694835
-0.7778,1.0000,0.8889,-0.13221032,-0.10283025,0.00694835
-0.5556,-1.0000,0.8889,0.15709263,-0.08727368,0.00694835
-0.5556,-0.7778,0.8889,0.16079839,-0.11485599,0.00694835
-0.5556,-0.5556,0.8889,0.14998158,-0.14998158,0.00694835
-0.5556,-0.3333,0.8889,0.11425622,-0.19042703,0.00694835
-0.5556,-0.1111,0.8889,0.04452823,-0.22264117,0.00694835
-0.5556,0.1111,0.8889,-0.04452823,-0.22264117,0.00694835
-0.5556,0.3333,0.8889,-0.11425622,-0.19042703,0.00694835
-0.5556,0.5556,0.8889,-0.14998158,-0.14998158,0.00694835
-0.5556,0.7778,0.8889,-0.16079839,-0.11485599,0.00694835
-0.5556,1.0000,0.8889,-0.15709263,-0.08727368,0.00694835
-0.3333,-1.0000,0.8889,0.17876058,-0.05958686,0.00694835
-0.3333,-0.7778,0.8889,0.19043753,-0.08161608,0.00694835
-0.3333,-0.5556,0.8889,0.19042703,-0.11425622,0.00694835
-0.3333,-0.3333,0.8889,0.16400825,-0.16400825,0.00694835
-0.3333,-0.1111,0.8889,0.07483832,-0.22451495,0.00694835
-0.3333,0.1111,0.8889,-0.07483832,-0.22451495,0.00694835
-0.3333,0.3333,0.8889,-0.16400825,-0.16400825,0.00694835
-0.3333,0.5556,0.8889,-0.19042703,-0.11425622,0.00694835
-0.3333,0.7778,0.8889,-0.19043753,-0.08161608,0.00694835
-0.3333,1.0000,0.8889,-0.17876058,-0.05958686,0.00694835
-0.1111,-1.0000,0.8889,0.19178290,-0.02130921,0.00694835
-0.1111,-0.7778,0.8889,0.20997421,-0.02999632,0.00694835
-0.1111,-0.5556,0.8889,0.22264117,-0.04452823,0.00694835
-0.1111,-0.3333,0.8889,0.22451495,-0.07483832,0.00694835
-0.1111,-0.1111,0.8889,0.17046008,-0.17046008,0.00694835
-0.1111,0.1111,0.8889,-0.17046008,-0.17046008,0.00694835
-0.1111,0.3333,0.8889,-0.22451495,-0.07483832,0.00694835
-0.1111,0.5556,0.8889,-0.22264117,-0.04452823,0.00694835
-0.1111,0.7778,0.8889,-0.20997421,-0.02999632,0.00694835
-0.1111,1.0000,0.8889,-0.19178290,-0.02130921,0.00694835
0.1111,-1.0000,0.8889,0.19178290,0.02130921,0.00694835
0.1111,-0.7778,0.8889,0.20997421,0.02999632,0.00694835
0.1111,-0.5556,0.8889,0.22264117,0.04452823,0.00694835
0.1111,-0.3333,0.8889,0.22451495,0.07483832,0.00694835
0.1111,-0.1111,0.8889,0.17046008,0.17046008,0.00694835
0.1111,0.1111,0.8889,-0.17046008,0.17046008,0.00694835
0.1111,0.3333,0.8889,-0.22451495,0.07483832,0.00694835
0.1111,0.5556,0.8889,-0.22264117,0.04452823,0.00694835
0.1111,0.7778,0.8889,-0.20997421,0.02999632,0.00694835
0.1111,1.0000,0.8889,-0.19178290,0.02130921,0.00694835
0.3333,-1.0000,0.8889,0.17876058,0.05958686,0.00694835
0.3333,-0.7778,0.8889,0.19043753,0.08161608,0.00694835
0.3333,-0.5556,0.8889,0.19042703,0.11425622,0.00694835
0.3333,-0.3333,0.8889,0.16400825,0.16400825,0.00694835
0.3333,-0.1111,0.8889,0.07483832,0.22451495,0.00694835
0.3333,0.1111,0.8889,-0.07483832,0.22451495,0.00694835
0.3333,0.3333,0.8889,-0.16400825,0.16400825,0.00694835
0.3333,0.5556,0.8889,-0.19042703,0.11425622,0.00694835
0.3333,0.7778,0.8889,-0.19043753,0.08161608,0.00694835
0.3333,1.0000,0.8889,-0.17876058,0.05958686,0.00694835
0.5556,-1.0000,0.8889,0.15709263,0.08727368,0.00694835
0.5556,-0.7778,0.8889,0.16079839,0.11485599,0.00694835
0.5556,-0.5556,0.8889,0.14998158,0.14998158,0.00694835
0.5556,-0.3333,0.8889,0.11425622,0.19042703,0.00694835
0.5556,-0.1111,0.8889,0.04452823,0.22264117,0.00694835
0.5556,0.1111,0.8889,-0.04452823,0.22264117,0.00694835
0.5556,0.3333,0.8889,-0.11425622,0.19042703,0.00694835
0.5556,0.5556,0.8889,-0.14998158,0.14998158,0.00694835
0.5556,0.7778,0.8889,-0.16079839,0.11485599,0.00694835
0.5556,1.0000,0.8889,-0.15709263,0.08727368,0.00694835
0.7778,-1.0000,0.8889,0.13221032,0.10283025,0.00694835
0.7778,-0.7778,0.8889,0.13011542,0.13011542,0.00694835
0.7778,-0.5556,0.8889,0.11485599,0.16079839,0.00694835
0.7778,-0.3333,0.8889,0.08161608,0.19043753,0.00694835
0.7778,-0.1111,0.8889,0.02999632,0.20997421,0.00694835
0.7778,0.1111,0.8889,-0.02999632,0.20997421,0.00694835
0.7778,0.3333,0.8889,-0.08161608,0.19043753,0.00694835
0.7778,0.5556,0.8889,-0.11485599,0.16079839,0.00694835
0.7778,0.7778,0.8889,-0.13011542,0.13011542,0.00694835
0.7778,1.0000,0.8889,-0.13221032,0.10283025,0.00694835
1.0000,-1.0000,0.8889,0.10802267,0.10802267,0.00694835
1.0000,-0.7778,0.8889,0.10283025,0.13221032,0.00694835
1.0000,-0.5556,0.8889,0.08727368,0.15709263,0.00694835
1.0000,-0.3333,0.8889,0.05958686,0.17876058,0.00694835
1.0000,-0.1111,0.8889,0.02130921,0.19178290,0.00694835
1.0000,0.1111,0.8889,-0.02130921,0.19178290,0.00694835
1.0000,0.3333,0.8889,-0.05958686,0.17876058,0.00694835
1.0000,0.5556,0.8889,-0.08727368,0.15709263,0.00694835
1.0000,0.7778,0.8889,-0.10283025,0.13221032,0.00694835
1.0000,1.0000,0.8889,-0.10802267,0.10802267,0.00694835
-1.0000,-1.0000,1.0000,0.10296896,-0.10296896,0.00497871
-1.0000,-0.7778,1.0000,0.09789597,-0.12586624,0.00497871
-1.0000,-0.5556,1.0000,0.08301977,-0.14943559,0.00497871
-1.0000,-0.3333,1.0000,0.05666098,-0.16998294,0.00497871
-1.0000,-0.1111,1.0000,0.02026051,-0.18234457,0.00497871
-1.0000,0.1111,1.0000,-0.02026051,-0.18234457,0.00497871
-1.0000,0.3333,1.0000,-0.05666098,-0.16998294,0.00497871
-1.0000,0.5556,1.0000,-0.08301977,-0.14943559,0.00497871
-1.0000,0.7778,1.0000,-0.09789597,-0.12586624,0.00497871
-1.0000,1.0000,1.0000,-0.10296896,-0.10296896,0.00497871
-0.7778,-1.0000,1.0000,0.12586624,-0.09789597,0.00497871
-0.7778,-0.7778,1.0000,0.12374730,-0.12374730,0.00497871
-0.7778,-0.5556,1.0000,0.10919810,-0.15287735,0.00497871
-0.7778,-0.3333,1.0000,0.07760982,-0.18108958,0.00497871
-0.7778,-0.1111,1.0000,0.02853216,-0.19972513,0.00497871
-0.7778,0.1111,1.0000,-0.02853216,-0.19972513,0.00497871
-0.7778,0.3333,1.0000,-0.07760982,-0.18108958,0.00497871
-0.7778,0.5556,1.0000,-0.10919810,-0.15287735,0.00497871
-0.7778,0.7778,1.0000,-0.12374730,-0.12374730,0.00497871
-0.7778,1.0000,1.0000,-0.12586624,-0.09789597,0.00497871
-0.5556,-1.0000,1.0000,0.14943559,-0.08301977,0.00497871
-0.5556,-0.7778,1.0000,0.15287735,-0.10919810,0.00497871
-0.5556,-0.5556,1.0000,0.14266081,-0.14266081,0.00497871
-0.5556,-0.3333,1.0000,0.10880962,-0.18134937,0.00497871
-0.5556,-0.1111,1.0000,0.04245018,-0.21225089,0.00497871
-0.5556,0.1111,1.0000,-0.04245018,-0.21225089,0.00497871
-0.5556,0.3333,1.0000,-0.10880962,-0.18134937,0.00497871
-0.5556,0.5556,1.0000,-0.14266081,-0.14266081,0.00497871
-0.5556,0.7778,1.0000,-0.15287735,-0.10919810,0.00497871
-0.5556,1.0000,1.0000,-0.14943559,-0.08301977,0.00497871
-0.3333,-1.0000,1.0000,0.16998294,-0.05666098,0.00497871
-0.3333,-0.7778,1.0000,0.18108958,-0.07760982,0.00497871
-0.3333,-0.5556,1.0000,0.18134937,-0.10880962,0.00497871
-0.3333,-0.3333,1.0000,0.15658856,-0.15658856,0.00497871
-0.3333,-0.1111,1.0000,0.07160389,-0.21481166,0.00497871
-0.3333,0.1111,1.0000,-0.07160389,-0.21481166,0.00497871
-0.3333,0.3333,1.0000,-0.15658856,-0.15658856,0.00497871
-0.3333,0.5556,1.0000,-0.18134937,-0.10880962,0.00497871
-0.3333,0.7778,1.0000,-0.18108958,-0.07760982,0.00497871
-0.3333,1.0000,1.0000,-0.16998294,-0.05666098,0.00497871
-0.1111,-1.0000,1.0000,0.18234457,-0.02026051,0.00497871
-0.1111,-0.7778,1.0000,0.19972513,-0.02853216,0.00497871
-0.1111,-0.5556,1.0000,0.21225089,-0.04245018,0.00497871
-0.1111,-0.3333,1.0000,0.21481166,-0.07160389,0.00497871
-0.1111,-0.1111,1.0000,0.16358104,-0.16358104,0.00497871
-0.1111,0.1111,1.0000,-0.16358104,-0.16358104,0.00497871
-0.1111,0.3333,1.0000,-0.21481166,-0.07160389,0.00497871
-0.1111,0.5556,1.0000,-0.21225089,-0.04245018,0.00497871
-0.1111,0.7778,1.0000,-0.19972513,-0.02853216,0.00497871
-0.1111,1.0000,1.0000,-0.18234457,-0.02026051,0.00497871
0.1111,-1.0000,1.0000,0.18234457,0.02026051,0.00497871
0.1111,-0.7778,1.0000,0.19972513,0.02853216,0.00497871
0.1111,-0.5556,1.0000,0.21225089,0.04245018,0.00497871
0.1111,-0.3333,1.0000,0.21481166,0.07160389,0.00497871
0.1111,-0.1111,1.0000,0.16358104,0.16358104,0.00497871
0.1111,0.1111,1.0000,-0.16358104,0.16358104,0.00497871
0.1111,0.3333,1.0000,-0.21481166,0.07160389,0.00497871
0.1111,0.5556,1.0000,-0.21225089,0.04245018,0.00497871
0.1111,0.7778,1.0000,-0.19972513,0.02853216,0.00497871
0.1111,1.0000,1.0000,-0.18234457,0.02026051,0.00497871
0.3333,-1.0000,1.0000,0.16998294,0.05666098,0.00497871
0.3333,-0.7778,1.0000,0.18108958,0.07760982,0.00497871
0.3333,-0.5556,1.0000,0.18134937,0.10880962,0.00497871
0.3333,-0.3333,1.0000,0.15658856,0.15658856,0.00497871
0.3333,-0.1111,1.0000,0.07160389,0.21481166,0.00497871
0.3333,0.1111,1.0000,-0.07160389,0.21481166,0.00497871
0.3333,0.3333,1.0000,-0.15658856,0.15658856,0.00497871
0.3333,0.5556,1.0000,-0.18134937,0.10880962,0.00497871
0.3333,0.7778,1.0000,-0.18108958,0.07760982,0.00497871
0.3333,1.0000,1.0000,-0.16998294,0.05666098,0.00497871
0.5556,-1.0000,1.0000,0.14943559,0.08301977,0.00497871
0.5556,-0.7778,1.0000,0.15287735,0.10919810,0.00497871
0.5556,-0.5556,1.0000,0.14266081,0.14266081,0.00497871
0.5556,-0.3333,1.0000,0.10880962,0.18134937,0.00497871
0.5556,-0.1111,1.0000,0.04245018,0.21225089,0.00497871
0.5556,0.1111,1.0000,-0.04245018,0.21225089,0.00497871
0.5556,0.3333,1.0000,-0.10880962,0.18134937,0.00497871
0.5556,0.5556,1.0000,-0.14266081,0.14266081,0.00497871
0.5556,0.7778,1.0000,-0.15287735,0.10919810,0.00497871
0.5556,1.0000,1.0000,-0.14943559,0.08301977,0.00497871
0.7778,-1.0000,1.0000,0.12586624,0.09789597,0.00497871
0.7778,-0.7778,1.0000,0.12374730,0.12374730,0.00497871
0.7778,-0.5556,1.0000,0.10919810,0.15287735,0.00497871
0.7778,-0.3333,1.0000,0.07760982,0.18108958,0.00497871
0.7778,-0.1111,1.0000,0.02853216,0.19972513,0.00497871
0.7778,0.1111,1.0000,-0.02853216,0.19972513,0.00497871
0.7778,0.3333,1.0000,-0.07760982,0.18108958,0.00497871
0.7778,0.5556,1.0000,-0.10919810,0.15287735,0.00497871
0.7778,0.7778,1.0000,-0.12374730,0.12374730,0.00497871
0.7778,1.0000,1.0000,-0.12586624,0.09789597,0.00497871
1.0000,-1.0000,1.0000,0.10296896,0.10296896,0.00497871
1.0000,-0.7778,1.0000,0.09789597,0.12586624,0.00497871
1.0000,-0.5556,1.0000,0.08301977,0.14943559,0.00497871
1.0000,-0.3333,1.0000,0.05666098,0.16998294,0.00497871
1.0000,-0.1111,1.0000,0.02026051,0.18234457,0.00497871
1.0000,0.1111,1.0000,-0.02026051,0.18234457,0.00497871
1.0000,0.3333,1.0000,-0.05666098,0.16998294,0.00497871
1.0000,0.5556,1.0000,-0.08301977,0.14943559,0.00497871
1.0000,0.7778,1.0000,-0.09789597,0.12586624,0.00497871
1.0000,1.0000,1.0000,-0.10296896,0.10296896,0.00497871
